Model,R2,MAE,RMSE
GradientBoostingRegressor,0.9461952875092542,0.23061832922773434,0.27746248740848456
SVR,0.9387626750868809,0.21172778672068895,0.2960071647887322
RandomForestRegressor,0.9183704889432426,0.28124033333333287,0.3417572334663059
AdaBoostRegressor,0.8539202784274176,0.3729044812443968,0.45718195878491863
